{
  "prepare_queue": {
    "installed": [],
    "uninstalled": []
  },
  "config_munge": {
    "files": {
      "res/xml/config.xml": {
        "parents": {
          "/*": [
            {
              "xml": "<feature name=\"Whitelist\"><param name=\"android-package\" value=\"org.apache.cordova.whitelist.WhitelistPlugin\" /><param name=\"onload\" value=\"true\" /></feature>",
              "count": 1
            }
          ],
          "/widget": [
            {
              "xml": "<feature name=\"BluetoothSerial\"><param name=\"android-package\" value=\"com.megster.cordova.BluetoothSerial\" /></feature>",
              "count": 1
            }
          ]
        }
      },
      "AndroidManifest.xml": {
        "parents": {
          "/manifest": [
            {
              "xml": "<uses-permission android:name=\"android.permission.BLUETOOTH\" />",
              "count": 1
            },
            {
              "xml": "<uses-permission android:name=\"android.permission.BLUETOOTH_ADMIN\" />",
              "count": 1
            },
            {
              "xml": "<uses-permission android:name=\"android.permission.ACCESS_COARSE_LOCATION\" />",
              "count": 1
            }
          ]
        }
      }
    }
  },
  "installed_plugins": {
    "cordova-plugin-whitelist": {
      "PACKAGE_NAME": "com.m9lab.xmastree"
    },
    "cordova-plugin-bluetooth-serial": {
      "PACKAGE_NAME": "com.m9lab.xmastree"
    }
  },
  "dependent_plugins": {},
  "modules": [
    {
      "id": "cordova-plugin-bluetooth-serial.bluetoothSerial",
      "file": "plugins/cordova-plugin-bluetooth-serial/www/bluetoothSerial.js",
      "pluginId": "cordova-plugin-bluetooth-serial",
      "clobbers": [
        "window.bluetoothSerial"
      ]
    }
  ],
  "plugin_metadata": {
    "cordova-plugin-whitelist": "1.3.2",
    "cordova-plugin-bluetooth-serial": "0.4.7"
  }
}